Symbol,Name,Last Sale,Net Change,% Change,Market Cap,Country,IPO Year,Volume,Sector,Industry
AAMC,Altisource Asset Management Corp Com,$40.03,-0.57,-1.404%,70389553.00,United States,,21726,Finance,Real Estate
AAU,Almaden Minerals Ltd. Common Shares,$0.149,0.002,1.361%,20445990.00,Canada,2015,59557,,
ACAQ,Athena Consumer Acquisition Corp. Class A Common Stock,$11.09,-0.28,-2.463%,0.00,,2021,1664,Finance,Blank Checks
ACU,Acme United Corporation. Common Stock,$31.63,1.31,4.321%,112151282.00,United States,1988,7404,Consumer Discretionary,Industrial Machinery/Components
ADEX,Adit EdTech Acquisition Corp. Common Stock,$10.58,0.02,0.189%,99107325.00,,2021,5114,Technology,EDP Services
ADRT,Ault Disruptive Technologies Corporation Common Stock,$11.45,0.00,0.00%,164593750.00,,2022,3759,Finance,Blank Checks
AE,Adams Resources & Energy Inc. Common Stock,$34.65,-0.28,-0.802%,87826835.00,United States,1980,1230,Energy,Oil Refining/Marketing
AEF,abrdn Emerging Markets Equity Income Fund Inc. Common Stock,$5.31,0.00,0.00%,570094875.00,United States,,21029,Finance,Finance/Investors Services
AEON,AEON Biopharma Inc. Class A Common Stock,$7.97,0.27,3.506%,0.00,,,70145,Health Care,Biotechnology: Pharmaceutical Preparations
AGE,AgeX Therapeutics Inc. Common Stock,$0.738,0.008,1.096%,28008031.00,,2018,1878,Health Care,Biotechnology: Pharmaceutical Preparations
AIM,AIM ImmunoTech Inc. Common Stock,$0.616,-0.014,-2.222%,29819510.00,United States,1997,102286,Health Care,Biotechnology: Biological Products (No Diagnostic Substances)
AINC,Ashford Inc. (Holding Company) Common Stock,$9.2724,-0.1276,-1.357%,29641767.00,United States,2014,462,Consumer Discretionary,Professional Services
AIRI,Air Industries Group Common Stock,$3.16,-0.08,-2.469%,10299600.00,United States,,5409,Industrials,Military/Government/Technical
AMBI,Ambipar Emergency Response Class A Ordinary Shares,$9.50,-0.02,-0.21%,526583575.00,,,3940,Industrials,Environmental Services
AMBO,Ambow Education Holding Ltd. American Depository Shares each representing two Class A ordinary shares,$0.2132,-0.0033,-1.524%,5556794.00,China,,108141,Consumer Discretionary,Educational Services
AMPE,Ampio Pharmaceuticals Inc.,$0.2128,0.0017,0.805%,3213892.00,United States,2022,625623,Health Care,Biotechnology: Pharmaceutical Preparations
AMS,American Shared Hospital Services Common Stock,$2.602,0.052,2.039%,16168828.00,United States,1988,12230,Health Care,Medical Specialities
APT,Alpha Pro Tech Ltd. Common Stock,$3.85,-0.04,-1.028%,46924593.00,Canada,2000,12883,Health Care,Industrial Specialties
AREN,The Arena Group Holdings Inc. Common Stock,$3.84,-0.01,-0.26%,84476536.00,,2022,4777,Health Care,Medical/Dental Instruments
ARMP,Armata Pharmaceuticals Inc. Common Stock,$3.86,0.17,4.607%,139518565.00,United States,,87711,Health Care,Biotechnology: Biological Products (No Diagnostic Substances)
ASM,Avino Silver & Gold Mines Ltd. Common Shares (Canada),$0.6868,0.00,0.00%,81863440.00,Canada,,322583,Basic Materials,Metal Mining
ASXC,Asensus Surgical Inc. Common Stock,$0.345,-0.0084,-2.377%,82615617.00,United States,,1600932,Health Care,Medical/Dental Instruments
ATEK,Athena Technology Acquisition Corp. II Class A Common Stock,$10.53,0.00,0.00%,0.00,,2022,2757,Finance,Blank Checks
ATNM,Actinium Pharmaceuticals Inc. (Delaware) Common Stock,$6.79,-0.08,-1.164%,179322719.00,United States,,91188,Health Care,Biotechnology: Pharmaceutical Preparations
AULT,Ault Alliance Inc. Common Stock,$2.31,-0.12,-4.938%,3201249.00,United States,1997,453471,Technology,Industrial Machinery/Components
AULT^D,Ault Alliance Inc. 13.00% Series D Cumulative Redeemable Perpetual Preferred Stock,$15.50,0.2999,1.973%,,United States,,3953,,
AUMN,Golden Minerals Company Common Stock,$1.15,-0.04,-3.361%,204291977.00,United States,,76061,Basic Materials,Precious Metals
AUST,Austin Gold Corp. Common Shares,$0.87,0.02,2.353%,11544900.00,,2022,4181,,
AWX,Avalon Holdings Corporation Common Stock,$2.60,0.00,0.00%,8547882.00,United States,1998,52,Utilities,Environmental Services
AZTR,Azitra Inc Common Stock,$2.47,0.07,2.917%,0.00,,2023,17595,Health Care,Biotechnology: Pharmaceutical Preparations
BACA,Berenson Acquisition Corp. I Class A Common Stock,$10.22,-0.01,-0.098%,0.00,,2021,114,Finance,Blank Checks
BATL,Battalion Oil Corporation Common Stock,$8.25,0.03,0.365%,135774631.00,United States,,2710,Energy,Oil & Gas Production
BCV,Bancroft Fund Ltd.,$17.27,0.07,0.407%,0.00,United States,1972,16257,Finance,Finance/Investors Services
BCV^A,Bancroft Fund Limited 5.375% Series A Cumulative Preferred Shares,$23.5453,-0.1732,-0.73%,,United States,,1350,,
BDL,Flanigan's Enterprises Inc. Common Stock,$30.40,0.00,0.00%,56502869.00,United States,1972,114,Consumer Discretionary,Restaurants
BGI,Birks Group Inc. Common Stock,$3.52,0.21,6.344%,38614400.00,Canada,,40648,Consumer Discretionary,Consumer Specialties
BHB,Bar Harbor Bankshares Inc. Common Stock,$27.15,0.23,0.854%,411147600.00,United States,1997,18895,Finance,Major Banks
BHM,Bluerock Homes Trust Inc. Class A Common Stock,$16.54,0.41,2.542%,63571523.00,,2022,5584,Real Estate,Real Estate Investment Trusts
BITE,Bite Acquisition Corp. Common Stock,$10.45,-0.01,-0.096%,0.00,,2021,99689,Finance,Blank Checks
BKTI,BK Technologies Corporation Common Stock,$13.75,-0.28,-1.996%,46745050.00,United States,,5467,Technology,Radio And Television Broadcasting And Communications Equipment
BLUA,BlueRiver Acquisition Corp. Class A Ordinary Shares,$10.55,-0.01,-0.095%,0.00,,2021,12565,Finance,Blank Checks
BMTX,BM Technologies Inc. Common Stock,$2.90,0.00,0.00%,34401830.00,,2018,2942,Finance,Major Banks
BRBS,Blue Ridge Bankshares Inc. Common Stock,$8.13,0.37,4.768%,154002631.00,United States,,38381,Finance,Commercial Banks
BRN,Barnwell Industries Inc. Common Stock,$2.555,0.045,1.793%,25439335.00,United States,1965,24965,Energy,Oil & Gas Production
BSAQ,Black Spade Acquisition Co Class A Ordinary Shares,$10.59,-0.03,-0.282%,0.00,,2021,28912,Finance,Blank Checks
BTG,B2Gold Corp Common shares (Canada),$3.19,-0.03,-0.932%,3435323760.00,Canada,,8645039,Basic Materials,Precious Metals
BTTR,Better Choice Company Inc. Common Stock,$0.2211,-0.0039,-1.733%,6752648.00,,2021,117982,Consumer Staples,Beverages (Production/Distribution)
BURU,Nuburu Inc. Common Stock,$0.599,-0.021,-3.387%,357029817.00,,2020,36431,Technology,Industrial Machinery/Components
CANF,Can-Fite Biopharma Ltd Sponsored ADR (Israel),$2.95,-0.0158,-0.533%,8021504.00,Israel,,4918,Health Care,Biotechnology: Pharmaceutical Preparations
CATX,Perspective Therapeutics Inc. Common Stock,$0.559,-0.0163,-2.833%,156593430.00,United States,,158122,Health Care,Medical/Dental Instruments
CCEL,Cryo-Cell International Inc. Common Stock,$5.75,0.04,0.701%,47658381.00,United States,2022,2171,Health Care,Managed Health Care
CCF,Chase Corporation Common Stock,$125.82,-0.43,-0.341%,1196088202.00,United States,1995,187263,Consumer Discretionary,Building Products
CEI,Camber Energy Inc. Common Stock,$0.784,-0.0279,-3.436%,17738768.00,United States,,4531110,Energy,Oil & Gas Production
CET,Central Securities Corporation Common Stock,$36.93,0.10,0.272%,8937990636.00,United States,1951,8042,Finance,Finance/Investors Services
CEV,Eaton Vance California Municipal Income Trust Shares of Beneficial Interest,$9.97,0.07,0.707%,70124743.00,United States,1999,6388,Finance,Investment Bankers/Brokers/Service
CHAA,Catcha Investment Corp. Class A Ordinary Shares,$10.62,0.09,0.855%,0.00,,2021,168,Finance,Blank Checks
CIK,Credit Suisse Asset Management Income Fund Inc. Common Stock,$3.01,0.02,0.669%,0.00,United States,,77103,Finance,Finance/Investors Services
CIX,CompX International Inc. Common Stock,$21.70,-0.32,-1.453%,267208527.00,United States,1998,2887,Consumer Discretionary,Industrial Machinery/Components
CKX,CKX Lands Inc. Common Stock,$10.07,0.00,0.00%,19882480.00,United States,2003,1201,Energy,Oil & Gas Production
CLM,Cornerstone Strategic Value Fund Inc. New Common Stock,$8.71,0.09,1.044%,0.00,United States,2003,1970322,Finance,Finance/Investors Services
CMCL,Caledonia Mining Corporation Plc Common Shares,$11.73,0.55,4.919%,225098700.00,Canada,,80385,Basic Materials,Precious Metals
CMT,Core Molding Technologies Inc Common Stock,$23.99,0.17,0.714%,218505286.00,United States,1996,32630,Consumer Discretionary,Electronic Components
COE,51Talk Online Education Group American depositary shares each representing 60 Class A ordinary shares,$8.844,-0.006,-0.068%,49794108.00,China,2016,1998,Consumer Discretionary,Educational Services
COHN,Cohen & Company Inc.,$5.95,0.20,3.478%,10828203.00,United States,,16838,Finance,Investment Bankers/Brokers/Service
CPHI,China Pharma Holdings Inc. Common Stock,$0.2611,-0.0145,-5.261%,2542505.00,China,,158933,Health Care,Biotechnology: Pharmaceutical Preparations
CQP,Cheniere Energy Partners LP Cheniere Energy Partners LP Common Units,$49.94,-2.31,-4.421%,24172614163.00,United States,2007,237605,Utilities,Oil/Gas Transmission
CRF,Cornerstone Total Return Fund Inc. (The) Common Stock,$8.38,0.07,0.842%,0.00,United States,2003,1007008,Finance,Finance/Investors Services
CTGO,Contango ORE Inc. Common Stock,$18.30,-0.53,-2.815%,139440839.00,,2021,34298,Basic Materials,Precious Metals
CTM,Castellum Inc. Common Stock,$0.4372,-0.0028,-0.636%,20693408.00,,2022,29192,Technology,EDP Services
CVM,Cel-Sci Corporation Common Stock,$1.49,-0.08,-5.096%,66624872.00,United States,1997,330594,Health Care,Biotechnology: Biological Products (No Diagnostic Substances)
CVR,Chicago Rivet & Machine Co. Common Stock,$25.1635,-0.4665,-1.82%,24311263.00,United States,1930,428,Industrials,Industrial Machinery/Components
CVU,CPI Aerostructures Inc. Common Stock,$4.09,-0.04,-0.969%,50453815.00,United States,2022,9601,Industrials,Military/Government/Technical
CYBN,Cybin Inc. Common Shares,$0.34,0.033,10.749%,70830788.00,Canada,,4586554,Health Care,Pharmaceuticals and Biotechnology
DC,Dakota Gold Corp. Common Stock,$3.00,0.11,3.806%,225943356.00,United States,2022,309309,Basic Materials,Precious Metals
DHY,Credit Suisse High Yield Bond Fund Common Stock,$1.89,0.02,1.07%,0.00,United States,1998,997174,Finance,Finance/Investors Services
DIT,AMCON Distributing Company Common Stock,$220.00,-10.37,-4.501%,133911580.00,United States,1999,3149,Consumer Discretionary,Food Distributors
DLA,Delta Apparel Inc. Common Stock,$7.13,-1.17,-14.096%,49917273.00,United States,2000,230097,Consumer Staples,Apparel
DMF,BNY Mellon Municipal Income Inc. Common Stock,$6.26,0.03,0.482%,0.00,United States,1988,135355,Finance,Finance/Investors Services
DMYY,dMY Squared Technology Group Inc. Class A Common Stock,$10.40,0.00,0.00%,0.00,,2022,1,Finance,Blank Checks
DNN,Denison Mines Corp Ordinary Shares (Canada),$1.28,0.03,2.40%,1069288364.00,Canada,,3390710,,
DPSI,DecisionPoint Systems Inc. Common Stock,$5.10,-0.10,-1.923%,37828444.00,,2022,9586,Technology,Retail: Computer Software & Peripheral Equipment
DSS,DSS Inc. Common Stock,$0.265,0.00,0.00%,37170026.00,United States,,82792,Consumer Discretionary,Containers/Packaging
DXF,Dunxin Financial Holdings Limited American Depositary Shares,$0.67,-0.04,-5.634%,1455098.00,China,,338962,Finance,Finance: Consumer Services
EAD,Allspring Income Opportunities Fund Common Shares,$6.37,0.04,0.632%,0.00,United States,2003,117891,Finance,Finance/Investors Services
ECF,Ellsworth Growth and Income Fund Ltd.,$8.66,-0.01,-0.115%,0.00,United States,1986,9338,Finance,Finance/Investors Services
ECF^A,Ellsworth Growth and Income Fund Ltd. 5.25% Series A Cumulative Preferred Shares (Liquidation Preference $25.00 per share),$23.20,-0.10,-0.429%,,United States,,11060,,
EFSH,1847 Holdings LLC Common Shares,$0.214,-0.0049,-2.238%,1086034.00,,2022,3200630,Consumer Discretionary,Professional Services
EIM,Eaton Vance Municipal Bond Fund Common Shares of Beneficial Interest $.01 par value,$9.78,0.06,0.617%,0.00,United States,2002,95890,Finance,Finance/Investors Services
ELA,Envela Corporation Common Stock,$5.42,0.13,2.457%,145782878.00,United States,,172123,Consumer Discretionary,Consumer Specialties
ELLO,Ellomay Capital Ltd Ordinary Shares (Israel),$16.98,0.00,0.00%,218193000.00,Israel,,419,Utilities,Electric Utilities: Central
ELMD,Electromed Inc. Common Stock,$10.14,0.04,0.396%,86809554.00,United States,2011,20787,Health Care,Biotechnology: Electromedical & Electrotherapeutic Apparatus
EMAN,eMagin Corporation Common Stock,$2.00,0.00,0.00%,166083388.00,United States,,267903,Technology,Industrial Machinery/Components
EMX,EMX Royalty Corporation Common Shares (Canada),$1.85,0.03,1.648%,204728752.00,Canada,,101469,,
ENSV,Enservco Corporation Common Stock,$0.3888,-0.013,-3.235%,7277600.00,United States,,224428,Energy,Oilfield Services/Equipment
ENX,Eaton Vance New York Municipal Bond Fund Common Shares of Beneficial Interest $.01 par value,$9.45,-0.04,-0.421%,0.00,United States,2002,21329,Finance,Finance/Investors Services
EP,Empire Petroleum Corporation Common Stock,$9.46,0.19,2.05%,209109421.00,United States,2022,14142,Energy,Oil & Gas Production
EPM,Evolution Petroleum Corporation Inc. Common Stock,$9.59,-0.33,-3.327%,319046699.00,United States,,567576,Energy,Oil & Gas Production
EQX,Equinox Gold Corp. Common Shares,$5.02,0.10,2.033%,1567844387.00,Canada,,1460934,Basic Materials,Precious Metals
ERC,Allspring Multi-Sector Income Fund Common Stock,$9.46,0.07,0.745%,0.00,United States,2003,31685,Finance,Finance/Investors Services
ERH,Allspring Utilities and High Income Fund Common Shares,$9.9278,-0.0622,-0.623%,0.00,,2004,36406,Finance,Finance/Investors Services
ESP,Espey Mfg. & Electronics Corp. Common Stock,$17.16,0.19,1.12%,46377182.00,United States,1960,2571,Technology,Industrial Machinery/Components
EU,enCore Energy Corp. Common Shares,$2.37,0.01,0.424%,339258440.00,,2023,367607,Basic Materials,Other Metals and Minerals
EVBN,Evans Bancorp Inc. Common Stock,$30.40,0.62,2.082%,166516152.00,United States,,5290,Finance,Major Banks
EVE,EVe Mobility Acquisition Corp Class A Ordinary Shares,$10.53,-0.0236,-0.224%,0.00,,2022,1313,Finance,Blank Checks
EVI,EVI Industries Inc.  Common Stock,$24.26,-0.77,-3.076%,305063071.00,United States,1999,9412,Consumer Discretionary,Other Consumer Services
EVM,Eaton Vance California Municipal Bond Fund Common Shares of Beneficial Interest $.01 par value,$8.84,0.01,0.113%,0.00,United States,2002,84864,Finance,Finance/Investors Services
EVV,Eaton Vance Limited Duration Income Fund Common Shares of Beneficial Interest,$9.39,0.04,0.428%,0.00,United States,2003,184280,Finance,Finance/Investors Services
FAX,abrdn Asia-Pacific Income Fund Inc. Common Stock,$2.70,0.02,0.746%,0.00,United States,1986,760183,Finance,Investment Managers
FCO,abrdn Global Income Fund Inc. Common Stock,$5.91,0.0101,0.171%,0.00,United States,1992,53255,Finance,Investment Managers
FEN,First Trust Energy Income and Growth Fund,$14.05,-0.35,-2.431%,0.00,United States,2004,47860,Finance,Finance/Investors Services
FGH,FG Group Holdings Inc. Common Stock,$1.73,0.02,1.17%,33682493.00,United States,,716,Consumer Discretionary,Industrial Machinery/Components
FLAG,First Light Acquisition Group Inc. Class A Common Stock,$10.535,0.005,0.047%,0.00,,2021,3690,Health Care,Biotechnology: Biological Products (No Diagnostic Substances)
FOXO,FOXO Technologies Inc. Class A Common Stock,$0.188,-0.002,-1.053%,5107597.00,,2022,3782464,Technology,Retail: Computer Software & Peripheral Equipment
FRD,Friedman Industries Inc. Common Stock,$17.99,0.05,0.279%,132686828.00,United States,1975,40612,Industrials,Steel/Iron Ore
FSI,Flexible Solutions International Inc. Common Stock (CDA),$2.92,0.04,1.389%,36311753.00,Canada,2002,17784,Industrials,Major Chemicals
FSP,Franklin Street Properties Corp. Common Stock,$1.80,0.01,0.559%,186174635.00,United States,,493032,Real Estate,Real Estate Investment Trusts
FTF,Franklin Limited Duration Income Trust Common Shares of Beneficial Interest,$6.30,0.06,0.962%,254553856.00,United States,2003,93061,Finance,Finance/Investors Services
FURY,Fury Gold Mines Limited Common Shares,$0.371,-0.0015,-0.403%,51743722.00,,2020,28711,Basic Materials,Precious Metals
GAU,Galiano Gold Inc.,$0.621,0.0249,4.177%,139689884.00,Canada,,204917,Industrials,Mining & Quarrying of Nonmetallic Minerals (No Fuels)
GBR,New Concept Energy Inc Common Stock,$1.13,0.03,2.727%,5799085.00,United States,1993,15298,Energy,Oil & Gas Production
GENC,Gencor Industries Inc. Common Stock,$15.38,0.18,1.184%,225435426.00,United States,,10373,Industrials,Construction/Ag Equipment/Trucks
GGN,GAMCO Global Gold Natural Resources & Income Trust,$3.74,0.01,0.268%,0.00,United States,2005,392862,Finance,Finance/Investors Services
GGN^B,GAMCO Global Gold Natural Reources & Income Trust 5.00% Series B Cumulative 25.00 Liquidation Preference,$22.3721,0.1221,0.549%,,United States,,272,,
GLDG,GoldMining Inc. Common Shares,$0.9103,0.0098,1.088%,158446853.00,,,239162,Basic Materials,Precious Metals
GLO,Clough Global Opportunities Fund Common Stock,$4.96,0.00,0.00%,0.00,United States,2006,164218,Finance,Finance/Investors Services
GLQ,Clough Global Equity Fund Clough Global Equity Fund Common Shares of Beneficial Interest,$6.14,-0.04,-0.647%,0.00,United States,2005,40238,Finance,Finance/Investors Services
GLU,Gabelli Global Utility Common Shares of Beneficial Ownership,$14.261,0.041,0.288%,85122640.00,United States,2004,8459,Finance,Finance/Investors Services
GLU^B,The Gabelli Global Utility and Income Trust Series B Cumulative Puttable and Callable Preferred Shares,$49.85,-0.04,-0.08%,,United States,,332,,
GLV,Clough Global Dividend and Income Fund Common Shares of beneficial interest,$5.55,-0.02,-0.359%,70538186.00,United States,2004,40300,Finance,Finance/Investors Services
GNS,Genius Group Limited Ordinary Shares,$0.5394,-0.0456,-7.795%,27455491.00,,2022,11415167,Consumer Discretionary,Educational Services
GORO,Gold Resource Corporation Common Stock,$0.5902,-0.0178,-2.928%,52214133.00,United States,,381872,Basic Materials,Precious Metals
GRF,Eagle Capital Growth Fund Inc. Common Stock,$9.00,0.00,0.00%,0.00,United States,,366,Finance,Finance/Investors Services
GRFX,Graphex Group Limited American Depositary Shares each American Depositary Share representing 20 Ordinary Shares,$1.22,0.00,0.00%,948485218.00,,2022,48987,,
GROY,Gold Royalty Corp. Common Shares,$1.68,0.02,1.205%,241773956.00,Canada,2021,232402,Basic Materials,Precious Metals
GSAT,Globalstar Inc. Common Stock,$1.18,0.01,0.855%,2124000000.00,United States,2006,6940093,Consumer Discretionary,Telecommunications Equipment
GTE,Gran Tierra Energy Inc. Common Stock,$6.82,0.16,2.402%,251588859.00,Canada,,339925,Energy,Oil & Gas Production
HNRA,HNR Acquisition Corp Common Stock,$10.69,0.00,0.00%,0.00,,2022,60,Energy,Oil & Gas Production
HNW,Pioneer Diversified High Income Fund Inc.,$10.27,0.08,0.785%,0.00,United States,2007,25543,Finance,Finance/Investors Services
HUSA,Houston American Energy Corporation Common Stock,$2.28,-0.06,-2.564%,24866485.00,United States,,117769,Energy,Oil & Gas Production
HWM^,Howmet Aerospace Inc. $3.75 Preferred Stock,$54.5472,-1.9528,-3.456%,,United States,,2238,,
IAF,abrdn Australia Equity Fund Inc. Common Stock,$4.35,0.03,0.694%,0.00,United States,1985,56850,Finance,Finance/Investors Services
IAUX,i-80 Gold Corp. Common Shares,$2.00,-0.02,-0.99%,480737234.00,,2022,1024403,,
IBIO,iBio Inc. Common Stock,$0.673,0.178,35.96%,11305063.00,United States,,6562160,Health Care,Biotechnology: Pharmaceutical Preparations
ID,PARTS iD Inc. Class A Common Stock,$0.4775,0.0125,2.688%,16629401.00,United States,2017,24788,Consumer Discretionary,Advertising
IDR,Idaho Strategic Resources Inc. Common Stock,$5.27,0.12,2.33%,64591860.00,,2022,5803,Basic Materials,Precious Metals
IE,Ivanhoe Electric Inc. Common Stock,$16.25,0.09,0.557%,1510609490.00,,2022,487287,Basic Materials,Metal Mining
IGC,IGC Pharma Inc. Common Stock,$0.362,0.002,0.556%,19214032.00,United States,,124210,Health Care,Biotechnology: Pharmaceutical Preparations
IHT,InnSuites Hospitality Trust Shares of Beneficial Interest,$1.98,-0.06,-2.941%,18174402.00,United States,1999,3600,Real Estate,Real Estate Investment Trusts
IMO,Imperial Oil Limited Common Stock,$53.10,0.80,1.53%,31018524300.00,Canada,1929,496170,Energy,Integrated oil Companies
INDO,Indonesia Energy Corporation Limited Ordinary Shares,$4.23,-0.17,-3.864%,42892200.00,,2019,114954,Energy,Oil & Gas Production
INFU,InfuSystems Holdings Inc. Common Stock,$10.40,0.50,5.051%,217683929.00,United States,,58185,Health Care,Medical/Dental Instruments
INLX,Intellinetics Inc. Common Stock,$4.19,-0.08,-1.874%,17069042.00,,2022,279,Technology,Computer Software: Prepackaged Software
INTT,inTest Corporation Common Stock,$18.62,-2.07,-10.005%,207266035.00,United States,1997,500146,Industrials,Electrical Products
INUV,Inuvo Inc.,$0.2366,0.0026,1.111%,28780368.00,United States,,242208,Consumer Discretionary,Advertising
IOR,Income Opportunity Realty Investors Inc. Common Stock,$12.24,0.00,0.00%,51021387.00,United States,1987,92,Real Estate,Real Estate Investment Trusts
IPVF,InterPrivate III Financial Partners Inc. Class A Common Stock,$11.09,0.09,0.818%,103834849.00,,2021,1300,Finance,Investment Bankers/Brokers/Service
ISDR,Issuer Direct Corporation Common Stock,$22.00,0.08,0.365%,83402440.00,United States,,9224,Consumer Discretionary,Publishing
ITP,IT Tech Packaging Inc. Common Stock,$0.45,0.00,0.00%,4529664.00,China,,8674,Basic Materials,Paper
ITRG,Integra Resources Corp. Common Shares,$0.911,0.0252,2.845%,62656331.00,,,14050,Basic Materials,Precious Metals
JOB,GEE Group Inc. Common Stock,$0.47,0.005,1.075%,53791714.00,United States,1968,67490,Consumer Discretionary,Diversified Commercial Services
JWSM,Jaws Mustang Acquisition Corp. Class A Ordinary Shares,$10.61,-0.12,-1.118%,0.00,,2021,1551,Finance,Blank Checks
KIQ,Kelso Technologies Inc Ordinary Shares,$0.3909,0.0209,5.649%,21233722.00,Canada,,44139,,
KNW,Know Labs Inc. Common Stock,$0.863,-0.029,-3.251%,41847457.00,,2022,113807,Industrials,Industrial Machinery/Components
KULR,KULR Technology Group Inc. Common Stock,$0.822,-0.1043,-11.26%,97261180.00,United States,,826993,Technology,Electrical Products
LCTX,Lineage Cell Therapeutics Inc. Common Stock,$1.41,0.00,0.00%,239945042.00,United States,,257463,Health Care,Biotechnology: Biological Products (No Diagnostic Substances)
LEU,Centrus Energy Corp. Class A Common Stock,$42.25,7.22,20.611%,654073011.00,United States,2014,668031,,
LGL,LGL Group Inc. (The) Common Stock,$4.98,0.15,3.106%,26657626.00,United States,1946,2841,Technology,Industrial Machinery/Components
LNG,Cheniere Energy Inc. Common Stock,$163.26,-1.57,-0.952%,39665354099.00,United States,2001,1218450,Utilities,Oil/Gas Transmission
LODE,Comstock Inc. Common Stock,$0.5219,0.0116,2.273%,53603098.00,United States,,671593,Finance,Real Estate
LPTV,Loop Media Inc. Common Stock,$1.98,-0.03,-1.493%,111634794.00,,2022,91664,Industrials,Broadcasting
LSF,Laird Superfood Inc. Common Stock,$1.14,0.02,1.786%,11046633.00,,2020,35047,Consumer Staples,Packaged Foods
LXFR,Luxfer Holdings PLC Ordinary Shares,$12.19,0.08,0.661%,328183349.00,United Kingdom,2012,121613,Industrials,Major Chemicals
MAG,MAG Silver Corporation Ordinary Shares,$11.46,0.28,2.504%,1178690842.00,Canada,,552574,,
MAIA,MAIA Biotechnology Inc. Common Stock,$2.10,-0.03,-1.408%,28614443.00,,2022,103472,Health Care,Biotechnology: Pharmaceutical Preparations
MGLD,The Marygold Companies Inc. Common Stock,$1.18,0.005,0.426%,46472482.00,,2022,756,Finance,Finance/Investors Services
MHH,Mastech Digital Inc Common Stock,$10.045,-0.325,-3.134%,117036927.00,United States,,9376,Consumer Discretionary,Professional Services
MIMO,Airspan Networks Holdings Inc. Common Stock,$0.164,-0.002,-1.205%,12231611.00,United States,2020,248405,Consumer Discretionary,Telecommunications Equipment
MITQ,Moving iMage Technologies Inc. Common Stock,$0.98,-0.05,-4.854%,10695240.00,United States,2021,43470,Telecommunications,Telecommunications Equipment
MLSS,Milestone Scientific Inc. Common Stock,$1.00,-0.03,-2.913%,69998525.00,United States,2015,36043,Health Care,Industrial Specialties
MNK,Mallinckrodt plc Ordinary Shares,$1.37,0.07,5.385%,18044177.00,,2022,1605913,Health Care,Biotechnology: Pharmaceutical Preparations
MPTI,M-tron Industries Inc. Common Stock,$11.17,-0.09,-0.799%,30458334.00,,2022,1891,,
MPU,Mega Matrix Corp. Common Stock,$1.36,-0.01,-0.73%,42927113.00,United States,1998,5671,Consumer Discretionary,Transportation Services
MRT,Marti Technologies Inc. Class A Ordinary Shares,$1.1374,-0.0226,-1.948%,0.00,,2021,536242,Consumer Discretionary,Rental/Leasing Companies
MSN,Emerson Radio Corporation Common Stock,$0.5672,0.0127,2.29%,11935392.00,United States,1994,54054,Consumer Staples,Consumer Electronics/Appliances
MTA,Metalla Royalty & Streaming Ltd. Common Shares,$4.35,-0.04,-0.911%,228517941.00,,,114913,Basic Materials,Precious Metals
MTNB,Matinas Biopharma Holdings Inc. Common Stock,$0.3401,0.0061,1.826%,73891665.00,United States,2017,263373,Health Care,Biotechnology: Pharmaceutical Preparations
MWG,Multi Ways Holdings Limited Ordinary Shares,$0.539,-0.02,-3.578%,13367200.00,,2023,102961,Consumer Discretionary,Miscellaneous manufacturing industries
MXC,Mexco Energy Corporation Common Stock,$12.839,-0.311,-2.365%,27501138.00,United States,2003,2250,Energy,Oil & Gas Production
MYO,Myomo Inc. Common Stock,$0.6682,0.0016,0.24%,13981027.00,United States,2017,97318,Health Care,Industrial Specialties
NAK,Northern Dynasty Minerals Ltd. Common Stock,$0.2765,0.0065,2.407%,146484001.00,Canada,,767636,,
NAVB,Navidea Biopharmaceuticals Inc. Common Stock,$0.0718,-0.0036,-4.775%,2517629.00,United States,,2630280,Health Care,Biotechnology: In Vitro & In Vivo Diagnostic Substances
NBH,Neuberger Berman Municipal Fund Inc. Common Stock,$10.07,0.05,0.499%,0.00,United States,2002,54712,Finance,Finance/Investors Services
NBO,Neuberger Berman New York Municipal Fund Inc. Common Stock,$9.42,0.00,0.00%,0.00,United States,2002,17474,Finance,Finance/Investors Services
NBW,Neuberger Berman California Municipal Fund Inc Common Stock,$10.65,0.03,0.282%,0.00,United States,2002,11692,Finance,Finance/Investors Services
NBY,NovaBay Pharmaceuticals Inc. Common Stock,$0.6711,-0.0189,-2.739%,1831314.00,United States,2007,152939,,
NEN,New England Realty Associates Limited Partnership Class A Depositary Receipts Evidencing Units of Limited Partnership,$72.00,0.00,0.00%,8468208.00,United States,,366,Finance,Real Estate
NEWP,New Pacific Metals Corp. Common Shares,$2.34,-0.01,-0.426%,367856983.00,,2021,63320,Basic Materials,Precious Metals
NFGC,New Found Gold Corp Common Shares,$4.38,-0.06,-1.351%,768153564.00,,2021,425163,Basic Materials,Precious Metals
NG,Novagold Resources Inc.,$4.35,0.07,1.636%,1452824649.00,Canada,2003,557469,Basic Materials,Precious Metals
NGD,New Gold Inc.,$1.06,0.00,0.00%,723769060.00,Canada,,2413520,Basic Materials,Metal Mining
NHC,National HealthCare Corporation Common Stock,$63.17,3.39,5.671%,967792384.00,United States,1986,38143,Health Care,Hospital/Nursing Management
NHS,Neuberger Berman High Yield Strategies Fund,$7.71,0.04,0.522%,0.00,United States,,136721,Finance,Trusts Except Educational Religious and Charitable
NHWK,NightHawk Biosciences Inc. Common Stock,$0.651,-0.0095,-1.438%,16958035.00,United States,2022,29870,Health Care,Biotechnology: Pharmaceutical Preparations
NML,Neuberger Berman Energy Infrastructure and Income Fund Inc. Common Stock,$7.06,0.01,0.142%,0.00,,2013,122935,Finance,Finance/Investors Services
NNVC,NanoViricides Inc. Common Stock,$1.40,-0.03,-2.098%,16332400.00,United States,,22995,Health Care,Biotechnology: Pharmaceutical Preparations
NRO,Neuberger Berman Real Estate Securities Income Fund Inc. Neuberger Berman Real Estate Securities Income Fund Inc.,$3.06,0.00,0.00%,0.00,United States,2003,119698,Finance,Finance/Investors Services
NSTB,Northern Star Investment Corp. II Class A Common stock,$10.17,0.00,0.00%,122789702.00,,2021,297,Finance,Investment Bankers/Brokers/Service
NTIP,Network-1 Technologies Inc. Common Stock,$2.25,0.04,1.81%,53550023.00,United States,,30567,Miscellaneous,Multi-Sector Companies
OBE,Obsidian Energy Ltd. Common Shares,$7.00,0.11,1.597%,577095470.00,Canada,2022,451702,,
OGEN,Oragenics Inc. Common Stock,$3.55,-0.26,-6.824%,7187532.00,United States,,5697,Health Care,Biotechnology: Pharmaceutical Preparations
OPTT,Ocean Power Technologies Inc. Common Stock,$0.5503,-0.0036,-0.65%,32319624.00,United States,2007,249971,Utilities,Electric Utilities: Central
ORLA,Orla Mining Ltd. Common Shares,$4.56,0.15,3.401%,1404238320.00,,2020,295258,Basic Materials,Precious Metals
OZ,Belpointe PREP LLC Class A Units,$84.065,0.2885,0.344%,304605324.00,,,4093,,
PCG^A,Pacific Gas & Electric Co. 6% Preferred Stock,$21.20,0.17,0.808%,,United States,,639,,
PCG^B,Pacific Gas & Electric Co. 5 1/2% Preferred Stock,$18.4203,-0.1585,-0.853%,,United States,,978,,
PCG^C,Pacific Gas & Electric Co. 5% 1st Preferred Stock,$16.68,-0.12,-0.714%,,United States,,200,,
PCG^D,Pacific Gas & Electric Co. 5% 1st  Red. Preferred Stock,$16.60,-0.15,-0.896%,,United States,,1371,,
PCG^E,Pacific Gas & Electric Co. 5% 1st A Preferred Stock,$16.803,0.203,1.223%,,United States,,3021,,
PCG^G,Pacific Gas & Electric Co. 4.80% 1st Preferred Stock,$16.15,-0.0416,-0.257%,,United States,,878,,
PCG^H,Pacific Gas & Electric Co. 4.50% 1st Preferred Stock,$15.75,0.10,0.639%,,United States,,100,,
PCG^I,Pacific Gas & Electric Co. 4.36% 1st Preferred Stock,$15.45,0.00,0.00%,,United States,,1,,
PED,Pedevco Corp. Common Stock,$0.9002,-0.0025,-0.277%,78353648.00,United States,,53564,Energy,Oil & Gas Production
PHGE,BiomX Inc. COmmon Stock,$0.427,0.009,2.153%,19633345.00,,2019,90742,Health Care,Biotechnology: Pharmaceutical Preparations
PLAG,Planet Green Holdings Corp. Common Stock,$0.5699,0.0099,1.768%,41079492.00,China,,417586,Consumer Staples,Packaged Foods
PLG,Platinum Group Metals Ltd. Ordinary Shares (Canada),$1.26,-0.03,-2.326%,126317495.00,Canada,,216088,,
PLM,Polymet Mining Corporation Ordinary Shares (Canada),$2.08,0.00,0.00%,404425838.00,Canada,,146192,Basic Materials,Metal Mining
PLX,Protalix BioTherapeutics Inc. (DE) Common Stock,$1.66,-0.06,-3.488%,108588762.00,Israel,,503526,Health Care,Biotechnology: Biological Products (No Diagnostic Substances)
PLYM^A,Plymouth Industrial REIT Inc. 7.50% Series A Cumulative Redeemable Preferred Stock,$25.24,0.0501,0.199%,,United States,,12402,,
POL,Polished Inc. Common Stock,$0.229,0.024,11.707%,24133593.00,United States,2020,38177467,Consumer Discretionary,Home Furnishings
PRK,Park National Corporation Common Stock,$109.97,-0.58,-0.525%,1776392147.00,United States,1994,19387,Finance,Major Banks
PTN,Palatin Technologies Inc. Common Stock,$1.9699,-0.0301,-1.505%,22700115.00,United States,1999,26431,Health Care,Biotechnology: Pharmaceutical Preparations
PW,Power REIT (MD) Common Stock,$1.61,0.01,0.625%,5457354.00,United States,1998,7364,Real Estate,Real Estate Investment Trusts
PZG,Paramount Gold Nevada Corp. Common Stock,$0.31,0.0001,0.032%,15475944.00,United States,2015,30496,Basic Materials,Metal Mining
QFTA,Quantum FinTech Acquisition Corporation Common Stock,$10.5803,-0.0196,-0.185%,0.00,,2021,1892,Finance,Blank Checks
RCG,RENN Fund Inc Common Stock,$1.85,0.00,0.00%,0.00,United States,,10425,Finance,Investment Managers
REI,Ring Energy Inc. Common Stock,$2.11,-0.15,-6.637%,411752108.00,United States,,4662179,Energy,Oil & Gas Production
REPX,Riley Exploration Permian Inc. Common Stock,$37.51,0.65,1.763%,757034510.00,United States,1999,58281,Energy,Oil & Gas Production
RHE,Regional Health Properties Inc. Common Stock,$3.14,-0.04,-1.258%,5912708.00,,2017,2364,Real Estate,Real Estate
RHE^A,Regional Health Properties Inc. 10.875% Series A Cumulative Redeemable Preferred Stock,$0.64,0.09,16.364%,,,,107,,
RLGT,Radiant Logistics Inc. Common Stock,$7.41,0.04,0.543%,352566555.00,United States,,173751,Consumer Discretionary,Oil Refining/Marketing
RMED,Ra Medical Systems Inc. Common Stock,$0.6281,-0.0094,-1.475%,3371436.00,,2018,35438,Health Care,Medical/Dental Instruments
RVP,Retractable Technologies Inc. Common Stock,$1.15,0.01,0.877%,34427733.00,United States,2001,21370,Health Care,Medical/Dental Instruments
SACC,Sachem Capital Corp. 6.875% Notes due 2024,$24.10,0.08,0.333%,1054537048.00,United States,2019,6680,Real Estate,Real Estate Investment Trusts
SACH,Sachem Capital Corp. Common Shares,$3.48,-0.25,-6.702%,152273400.00,United States,2017,749986,Real Estate,Real Estate Investment Trusts
SACH^A,Sachem Capital Corp. 7.75% Series A Cumulative Redeemable Preferred Stock,$20.5606,0.0606,0.296%,,United States,,5549,,
SATX,SatixFy Communications Ltd. Ordinary Share,$0.3217,0.0007,0.218%,25952399226.00,,2022,123938,Technology,Radio And Television Broadcasting And Communications Equipment
SBEV,Splash Beverage Group Inc. (NV) Common Stock,$0.7991,-0.0554,-6.483%,34030089.00,,2021,560405,Consumer Staples,Beverages (Production/Distribution)
SCCB,Sachem Capital Corp. 7.125% Notes due 2024,$24.82,0.00,0.00%,1086041890.00,United States,2019,63,Real Estate,Real Estate Investment Trusts
SCCC,Sachem Capital Corp. 7.75% Notes due 2025,$24.2526,0.0226,0.093%,1061214324.00,United States,2020,1397,Real Estate,Real Estate Investment Trusts
SCCD,Sachem Capital Corp. 6.00% Notes due 2026,$21.60,0.00,0.00%,945145238.00,United States,,999,Real Estate,Real Estate Investment Trusts
SCCE,Sachem Capital Corp. 6.00% Notes due 2027,$21.29,0.09,0.425%,931580654.00,United States,2022,5558,Real Estate,Real Estate Investment Trusts
SCCF,Sachem Capital Corp. 7.125% Notes due 2027,$21.67,-0.23,-1.05%,948208209.00,United States,2022,6929,Real Estate,Real Estate Investment Trusts
SCCG,Sachem Capital Corp. 8.00% Notes due 2027,$23.50,-0.02,-0.085%,1028283014.00,United States,2022,4389,Real Estate,Real Estate Investment Trusts
SDPI,Superior Drilling Products Inc. Common Stock,$1.25,-0.04,-3.101%,36556350.00,,2014,112770,Industrials,Metal Fabrications
SEB,Seaboard Corporation Common Stock,$3628.03,-74.03,-2.00%,4211341035.00,United States,1996,853,Industrials,Farming/Seeds/Milling
SENS,Senseonics Holdings Inc. Common Stock,$0.8501,0.0151,1.808%,407938928.00,United States,,2182154,Industrials,Industrial Machinery/Components
SGE,Strong Global Entertainment Inc. Class A Common Voting Shares,$2.45,0.04,1.66%,0.00,,2023,2416,,
SIF,SIFCO Industries Inc. Common Stock,$2.531,0.121,5.021%,15368607.00,United States,1969,3194,Industrials,Aerospace
SILV,SilverCrest Metals Inc. Common Shares,$4.60,0.16,3.604%,677262600.00,Canada,2018,1798107,Industrials,Industrial Machinery/Components
SIM,Grupo Simec S.A.B. de C.V. American Depositary Shares,$31.52,0.00,0.00%,4855507730.00,Mexico,1998,180,Industrials,Steel/Iron Ore
SKYH,Sky Harbour Group Corporation Class A Common Stock,$4.46,-0.015,-0.335%,254912665.00,,2022,10179,Industrials,Military/Government/Technical
SLI,Standard Lithium Ltd. Common Shares,$4.54,-0.02,-0.439%,784294988.00,Canada,2021,495151,Industrials,Major Chemicals
SLND,Southland Holdings Inc. Common Stock,$8.20,0.14,1.737%,248517695.00,United States,,15508,Industrials,Military/Government/Technical
SNMP,Evolve Transition Infrastructure LP Common Units representing Class B Limited Liability Company Interests,$5.57,0.07,1.273%,42894949.00,,,160157,Energy,Oil & Gas Production
SSY,SunLink Health Systems Inc. Common Stock,$0.97,0.00,0.00%,6820655.00,United States,1996,3561,Health Care,Hospital/Nursing Management
STRW,Strawberry Fields REIT Inc. Common Stock,$7.05,-0.11,-1.536%,44815835.00,,2023,2265,Real Estate,Real Estate Investment Trusts
STXS,Stereotaxis Inc. Common Stock,$1.48,0.01,0.68%,119403995.00,United States,,56120,Health Care,Biotechnology: Electromedical & Electrotherapeutic Apparatus
SVM,Silvercorp Metals Inc. Common Shares,$2.88,0.01,0.348%,509101243.00,Canada,,1393523,Basic Materials,Precious Metals
SVT,Servotronics Inc. Common Stock,$11.45,0.21,1.868%,28914834.00,United States,1970,2045,Consumer Discretionary,Industrial Machinery/Components
TELL,Tellurian Inc. Common Stock,$1.66,-0.03,-1.775%,934262769.00,United States,,6402541,Energy,Oil & Gas Production
TELZ,Tellurian Inc. 8.25% Senior Notes due 2028,$18.16,0.46,2.599%,10220609570.00,United States,,625,Energy,Oil & Gas Production
TGB,Taseko Mines Ltd. Common Stock,$1.38,-0.02,-1.429%,398015460.00,Canada,,1098879,,
THM,International Tower Hill Mines Ltd. Ordinary Shares (Canada),$0.39,-0.015,-3.704%,76172142.00,Canada,,131875,Basic Materials,Metal Mining
TKAT,Takung Art Co. Ltd. Common Stock,$0.2365,0.044,22.857%,8275581.00,,,24599009,Consumer Discretionary,Other Specialty Stores
TMBR,Timber Pharmaceuticals Inc. Common Stock,$1.42,-0.035,-2.405%,4323167.00,United States,2015,4820,Health Care,Biotechnology: Pharmaceutical Preparations
TMP,Tompkins Financial Corporation Common Stock,$59.15,-0.04,-0.068%,858791515.00,United States,1997,22945,Finance,Major Banks
TMQ,Trilogy Metals Inc. Common Stock,$0.519,0.0109,2.145%,80735294.00,Canada,,43485,Basic Materials,Precious Metals
TOON,Kartoon Studios Inc. Common Stock,$2.18,0.03,1.395%,70016045.00,United States,,377246,Consumer Discretionary,Movies/Entertainment
TOVX,Theriva Biologics Inc. Common Stock,$0.6562,0.0062,0.954%,9924409.00,United States,,37684,Health Care,Biotechnology: Pharmaceutical Preparations
TPET,Trio Petroleum Corp. Common Stock,$0.711,-0.0259,-3.515%,17650008.00,,2023,154430,Energy,Oil & Gas Production
TPHS,Trinity Place Holdings Inc. Common Stock,$0.5187,0.0032,0.621%,19319502.00,,,5352,Real Estate,Building operators
TRT,Trio-Tech International Common Stock,$6.35,0.08,1.276%,26013918.00,United States,1998,18315,Technology,Industrial Machinery/Components
TRX,TRX Gold Corporation Common Stock,$0.385,-0.013,-3.266%,106765225.00,Canada,,384873,Basic Materials,Precious Metals
UAMY,United States Antimony Corporation Common Stock,$0.4114,0.0106,2.645%,44286106.00,United States,,189546,Industrials,Metal Fabrications
UAVS,AgEagle Aerial Systems Inc. Common Stock,$0.239,0.0025,1.057%,22064809.00,United States,,1561587,Industrials,Aerospace
UEC,Uranium Energy Corp. Common Stock,$3.65,0.10,2.817%,1370178975.00,Canada,,5085691,Basic Materials,Other Metals and Minerals
UFAB,Unique Fabricating Inc. Common Stock,$0.27,-0.008,-2.878%,3167950.00,United States,2015,1083707,Consumer Discretionary,Auto Parts:O.E.M.
URG,Ur Energy Inc Common Shares (Canada),$1.05,-0.01,-0.943%,277963144.00,Canada,,451240,Basic Materials,Precious Metals
USAS,Americas Gold and Silver Corporation Common Shares no par value,$0.367,-0.009,-2.394%,1243660.00,,2017,495671,,
UTG,Reaves Utility Income Fund Common Shares of Beneficial Interest,$27.16,-0.21,-0.767%,0.00,United States,2004,464956,Finance,Investment Managers
UUU,Universal Security Instruments Inc. Common Stock,$2.82,-0.16,-5.369%,6522341.00,United States,2003,26940,Technology,Electronic Components
UUUU,Energy Fuels Inc Ordinary Shares (Canada),$6.07,0.00,0.00%,948511548.00,Canada,,2208172,,
VFL,abrdn National Municipal Income Fund Common Stock,$9.90,-0.08,-0.802%,0.00,United States,1993,33995,Finance,Finance/Investors Services
VGZ,Vista Gold Corp Common Stock,$0.5098,0.0018,0.354%,61730914.00,United States,1986,174602,,
VHAQ,Viveon Health Acquisition Corp. Common Stock,$11.13,0.14,1.274%,112013700.00,,2021,840,Health Care,Biotechnology: Pharmaceutical Preparations
VINE,Fresh Vine Wine Inc. Common Stock,$0.442,-0.01,-2.212%,7017292.00,,2021,528544,Consumer Staples,Beverages (Production/Distribution)
VKI,Invesco Advantage Municipal Income Trust II Common Shares of Beneficial Interest (DE),$8.29,0.07,0.852%,368125906.00,United States,1993,101874,Finance,Finance Companies
VNRX,VolitionRX Limited Common Stock,$1.30,0.00,0.00%,82133788.00,Singapore,2015,44762,Health Care,Biotechnology: Biological Products (No Diagnostic Substances)
VZLA,Vizsla Silver Corp. Common Shares,$1.08,-0.01,-0.917%,224573395.00,,2022,190303,Basic Materials,Precious Metals
WRAC,Williams Rowland Acquisition Corp. Common Stock,$10.35,0.00,0.00%,0.00,,2021,48,Finance,Blank Checks
WRN,Western Copper and Gold Corporation Common Stock,$1.45,0.00,0.00%,221643516.00,Canada,2011,181470,Basic Materials,Metal Mining
WWR,Westwater Resources Inc. Common Stock,$0.8358,0.0009,0.108%,42542019.00,United States,,160366,Basic Materials,Metal Mining
WYY,WidePoint Corporation Common Stock,$1.82,0.03,1.676%,15989821.00,United States,,10745,Technology,EDP Services
XPL,Solitario Resources Corp. Common Stock,$0.5871,-0.0179,-2.959%,38044886.00,United States,,38744,Basic Materials,Precious Metals
XTNT,Xtant Medical Holdings Inc. Common Stock,$1.03,-0.02,-1.905%,132763959.00,United States,,113118,Health Care,Biotechnology: Biological Products (No Diagnostic Substances)
YCBD,cbdMD Inc. Common Stock,$1.40,0.03,2.19%,3997164.00,United States,2017,10946,Health Care,Biotechnology: Pharmaceutical Preparations
YCBD^A,cbdMD Inc. 8.0% Series A Cumulative Convertible Preferred Stock,$3.30,0.11,3.448%,,United States,,41780,,
ZDGE,Zedge Inc. Class B Common Stock ,$1.95,-0.01,-0.51%,28154354.00,,2016,36840,Technology,Computer Software: Prepackaged Software
ZOM,Zomedica Corp. Common Shares,$0.211,0.005,2.427%,206769380.00,United States,2017,4414953,Health Care,Pharmaceuticals and Biotechnology
